,SP500,AAPL,XES
count,249.0,249.0,249.0
mean,0.0003520142589872745,0.00047814955385649504,-0.0018528449473525011
STD_DEV,0.009723040294632973,0.019633068964240226,0.023058537499666937
min,-0.032864175757028824,-0.09959141981613884,-0.06107660455486541
25%,-0.003032251490652005,-0.009109851238067512,-0.01526717557251911
50%,0.0006762624489569102,0.0015231918238993725,0.0005984440454815942
75%,0.005419488922094429,0.01084010840108407,0.01257334450963965
max,0.049593807154098,0.07044767920900874,0.06875753920386019
