,SP500,IBM
count,249.0,249.0
mean,0.0003520142589872745,0.00024088739892555544
STD_DEV,0.009723040294632973,0.014837497891142606
min,-0.032864175757028824,-0.07629661380197161
25%,-0.003032251490652005,-0.006030478363621472
50%,0.0006762624489569102,0.0010958442215291964
75%,0.005419488922094429,0.007175807278318791
max,0.049593807154098,0.08463530787868656
