,SP500,CVX,DOW,IBM,JNJ,K,KO,NKE,VOO,XES
count,249.0,249.0,70.0,249.0,249.0,249.0,249.0,249.0,249.0,249.0
mean,0.00035,0.00026,0.00032,0.00024,0.00073,-0.00081,0.0008,0.00045,0.00043,-0.00185
STD_DEV,0.00972,0.01366,0.02264,0.01484,0.01203,0.01377,0.01038,0.01633,0.00968,0.02306
min,-0.03286,-0.04945,-0.0611,-0.0763,-0.10036,-0.08873,-0.08432,-0.06809,-0.03232,-0.06108
25%,-0.00303,-0.00677,-0.01138,-0.00603,-0.00428,-0.00663,-0.00452,-0.00714,-0.00296,-0.01527
50%,0.00068,0.00124,0.00286,0.0011,0.00095,0.00099,0.00045,0.00116,0.0006,0.0006
75%,0.00542,0.00723,0.01112,0.00718,0.00623,0.00672,0.00655,0.00976,0.00553,0.01257
max,0.04959,0.06343,0.06211,0.08464,0.03541,0.04371,0.02993,0.07204,0.05057,0.06876
